{
  "nav.density_filter_gain": 0.9788599551599355,
  "nav.density_gain_max_delta": 0.055266259940026374,
  "shaping.max_bank_acceleration": 2.5954815111497185
}