{
  "nav.density_filter_gain": 0.9623291048265903,
  "nav.density_gain_max_delta": 0.07867015516239549,
  "shaping.max_bank_acceleration": 3.8999509839532305
}