{
  "nav.density_filter_gain": 0.9341321609155337,
  "nav.density_gain_max_delta": 0.1482503464196978,
  "shaping.max_bank_acceleration": 4.872101246274249
}