{
  "nav.density_filter_gain": 0.6455926769437008,
  "nav.density_gain_max_delta": 0.2798635872508417,
  "shaping.max_bank_acceleration": 13.70847685376639
}