{
  "nav.density_filter_gain": 0.6263552059080791,
  "nav.density_gain_max_delta": 0.14280880512388602,
  "shaping.max_bank_acceleration": 14.124946787008998
}