{
 "n_sims": 1000,
 "n_captured": 1000,
 "capture_rate": 1.0,
 "cost": {
  "min": 1868158.3395960422,
  "p50": 2661706.5175119136,
  "p95": 4599056.597640257,
  "s3sigma": 7185900.899208866,
  "rms": 3415431.574328089,
  "max": 49311471.78333792
 },
 "captured": {
  "dv": {
   "min": 123.14488512539961,
   "p50": 138.5680737984359,
   "p95": 166.27503945249376,
   "s3sigma": 192.9399394623224,
   "mean": 142.13028176172926,
   "max": 366.52708080004993
  },
  "apoapsis": {
   "p50": 15.922893812481107,
   "p95": 87.1486597400984,
   "mean": 19.481314619192624
  },
  "periapsis": {
   "p50": -46.878232263141776,
   "p95": -32.59160910545847,
   "mean": -47.33777585086034
  },
  "inclination": {
   "p50": -0.07490087156323,
   "p95": 0.025420671861937187,
   "mean": -0.17697354562048473
  },
  "dv1": {
   "min": 115.02285682470028,
   "p50": 124.79257572196047,
   "p95": 129.05516811378058,
   "s3sigma": 133.79079024060962,
   "mean": 124.77664421434228,
   "max": 176.75278061818108
  },
  "dv2": {
   "min": 0.010968805701395468,
   "p50": 5.186125335354745,
   "p95": 18.484484197381434,
   "s3sigma": 51.14167702770597,
   "mean": 6.975813254132315,
   "max": 59.90337256328894
  },
  "dv3": {
   "min": 0.02485096957618084,
   "p50": 4.236405291491541,
   "p95": 33.071946088658635,
   "s3sigma": 50.46833367234965,
   "mean": 10.377824293254662,
   "max": 129.87092761857994
  }
 },
 "constraints": {
  "heat_flux": {
   "p50": 172.4998513181398,
   "p95": 179.70876246570225,
   "s3sigma": 186.47805951538655,
   "max": 188.42584360854508,
   "limit": 200.0,
   "viol_pct": 0.0
  },
  "g_load": {
   "p50": 2.546202512010537,
   "p95": 2.779085878921375,
   "s3sigma": 2.9385164872851193,
   "max": 2.9586142187149536,
   "limit": 4.0,
   "viol_pct": 0.0
  },
  "heat_load": {
   "p50": 21029.779853017597,
   "p95": 21901.392867386003,
   "s3sigma": 22427.563569949783,
   "max": 22492.273276857843,
   "limit": 25000.0,
   "viol_pct": 0.0
  }
 },
 "dv_p99": 182.52297312469904,
 "dv_cvar95": 178.28407199272323,
 "title": "Energy controller (joint reference)"
}