{
  "nav.density_filter_gain": 0.8969495973343711,
  "nav.density_gain_max_delta": 0.2158336598614831,
  "shaping.max_bank_acceleration": 6.332524301997945
}