{
  "nav.density_filter_gain": 0.8001423087759281,
  "nav.density_gain_max_delta": 0.10495909144650703,
  "shaping.max_bank_acceleration": 4.611305054881422
}