{
  "bank_angle_0": -105.81714401761064,
  "bank_angle_1": -89.24453935559607,
  "bank_angle_2": 37.42688888638847,
  "bank_angle_3": -113.43068340936725,
  "bank_angle_4": 120.6435513386507,
  "bank_angle_5": 72.27984066576482,
  "bank_angle_6": -6.255342436150471,
  "bank_angle_7": -9.275936247713503,
  "bank_angle_8": -4.719223986338477,
  "bank_angle_9": -4.981600264544426,
  "bank_angle_10": -7.578412606124374,
  "shaping.max_bank_acceleration": 6.970111370890305
}