{
  "nav.density_filter_gain": 0.4802173807987177,
  "nav.density_gain_max_delta": 0.04382850997085331,
  "shaping.max_bank_acceleration": 12.480107784422021
}