{
  "nav.density_filter_gain": 0.8479045823761686,
  "nav.density_gain_max_delta": 0.09103783679925778,
  "shaping.max_bank_acceleration": 7.195916099307832
}