{
  "nav.density_filter_gain": 0.7081000719672239,
  "nav.density_gain_max_delta": 0.11214765092424353,
  "shaping.max_bank_acceleration": 14.381531850537472
}