{
 "n_sims": 1000,
 "n_captured": 1000,
 "capture_rate": 1.0,
 "cost": {
  "min": 1140173.7685351998,
  "p50": 1315851.270791757,
  "p95": 1480672.6006333013,
  "s3sigma": 1642308.9622355897,
  "rms": 1330237.978888964,
  "max": 1707352.4109080734
 },
 "captured": {
  "dv": {
   "min": 104.45679717014646,
   "p50": 109.56750646492813,
   "p95": 113.96345312730568,
   "s3sigma": 117.96510821715513,
   "mean": 109.84793173718273,
   "max": 119.5051307736649
  },
  "apoapsis": {
   "p50": 0.8391938352605735,
   "p95": 22.278417855640978,
   "mean": 0.3211169232115608
  },
  "periapsis": {
   "p50": 28.164531039260794,
   "p95": 33.49562579698779,
   "mean": 28.028782490698564
  },
  "inclination": {
   "p50": -0.006072268732047803,
   "p95": 0.04196031083918824,
   "mean": -0.0066871988611788705
  },
  "dv1": {
   "min": 103.84690504308992,
   "p50": 105.88538246142048,
   "p95": 107.39959568957067,
   "s3sigma": 108.74864728727718,
   "mean": 105.95992099136615,
   "max": 109.80668846600202
  },
  "dv2": {
   "min": 0.000706042846559285,
   "p50": 2.117076845156589,
   "p95": 6.265670166197673,
   "s3sigma": 11.30623851096092,
   "mean": 2.53066585783074,
   "max": 12.461109992855654
  },
  "dv3": {
   "min": 0.003951817697659468,
   "p50": 1.170645512385465,
   "p95": 3.39047455232914,
   "s3sigma": 5.188058726719117,
   "mean": 1.35734488798584,
   "max": 5.516124778718438
  }
 },
 "constraints": {
  "heat_flux": {
   "p50": 172.47388280844967,
   "p95": 178.7048434315972,
   "s3sigma": 182.47578042221772,
   "max": 182.62317920175488,
   "limit": 200.0,
   "viol_pct": 0.0
  },
  "g_load": {
   "p50": 2.5692501917104993,
   "p95": 2.6937168756736747,
   "s3sigma": 2.7932009826155717,
   "max": 2.8096941754790548,
   "limit": 4.0,
   "viol_pct": 0.0
  },
  "heat_load": {
   "p50": 22110.796700781397,
   "p95": 23118.341776993944,
   "s3sigma": 23721.33384502293,
   "max": 23737.14341137376,
   "limit": 25000.0,
   "viol_pct": 0.0
  }
 },
 "dv_p99": 116.32028746621117,
 "dv_cvar95": 115.37734239737274,
 "title": "NN -- Mamba (962 params)"
}