{
 "n_sims": 1000,
 "n_captured": 1000,
 "capture_rate": 1.0,
 "cost": {
  "min": 1390430.8817356084,
  "p50": 1851997.9886120532,
  "p95": 2592665.331965734,
  "s3sigma": 4517613.680913752,
  "rms": 1970913.6278079469,
  "max": 5175229.1478818925
 },
 "captured": {
  "dv": {
   "min": 111.59956796602971,
   "p50": 122.7887764065158,
   "p95": 137.3595063823411,
   "s3sigma": 165.20381001378524,
   "mean": 124.25761853724775,
   "max": 172.94669549956325
  },
  "apoapsis": {
   "p50": 3.8183677085244483,
   "p95": 45.51393299120084,
   "mean": 4.191377461802167
  },
  "periapsis": {
   "p50": -9.99838789767842,
   "p95": 6.895398046988148,
   "mean": -12.144911042636075
  },
  "inclination": {
   "p50": -0.02713159189990222,
   "p95": 0.0400985877185441,
   "mean": -0.06200928287935399
  },
  "dv1": {
   "min": 108.25626229168529,
   "p50": 115.47895905927771,
   "p95": 122.08298345201203,
   "s3sigma": 135.5402643079041,
   "mean": 115.992957169817,
   "max": 137.71199963523577
  },
  "dv2": {
   "min": 0.005803366251257103,
   "p50": 3.268517951283684,
   "p95": 10.575399986256729,
   "s3sigma": 17.429574623975828,
   "mean": 4.075019574927387,
   "max": 20.027314777960328
  },
  "dv3": {
   "min": 0.0022141164231180704,
   "p50": 2.019935967739724,
   "p95": 16.037240541208455,
   "s3sigma": 28.24943404083381,
   "mean": 4.189641792503342,
   "max": 29.517117774867717
  }
 },
 "constraints": {
  "heat_flux": {
   "p50": 170.2533225982103,
   "p95": 177.58024788478875,
   "s3sigma": 185.34957217789156,
   "max": 186.26819777963564,
   "limit": 200.0,
   "viol_pct": 0.0
  },
  "g_load": {
   "p50": 2.3805218454488606,
   "p95": 2.684262281501645,
   "s3sigma": 2.870724797059957,
   "max": 2.886594523329227,
   "limit": 4.0,
   "viol_pct": 0.0
  },
  "heat_load": {
   "p50": 21987.605770477865,
   "p95": 23499.737596771076,
   "s3sigma": 24256.900440797366,
   "max": 24761.50530496329,
   "limit": 25000.0,
   "viol_pct": 0.0
  }
 },
 "dv_p99": 148.1133828129688,
 "dv_cvar95": 144.0353258901954,
 "title": "FNPAG"
}