{
  "nav.density_filter_gain": 0.49134015227208316,
  "nav.density_gain_max_delta": 0.3509877535235935,
  "shaping.max_bank_acceleration": 14.409940344848645
}