{
  "nav.density_filter_gain": 0.7974869321044284,
  "nav.density_gain_max_delta": 0.47973368497695995,
  "shaping.max_bank_acceleration": 7.185882074324739
}