{
  "nav.density_filter_gain": 0.8371544460199645,
  "nav.density_gain_max_delta": 0.22892598418736712,
  "shaping.max_bank_acceleration": 7.187490925381417
}