{
  "nav.density_filter_gain": 0.9729787835405654,
  "nav.density_gain_max_delta": 0.10445839345267192,
  "shaping.max_bank_acceleration": 8.506331063400854
}