{
  "nav.density_filter_gain": 0.7636248785378087,
  "nav.density_gain_max_delta": 0.21934709935437402,
  "shaping.max_bank_acceleration": 14.49600650871932
}