{
  "nav.density_filter_gain": 0.7629683751704035,
  "nav.density_gain_max_delta": 0.11845161709047376,
  "shaping.max_bank_acceleration": 8.745048994636033
}