{
 "n_sims": 1000,
 "n_captured": 1000,
 "capture_rate": 1.0,
 "cost": {
  "min": 1123659.3068254564,
  "p50": 1303981.340856034,
  "p95": 1516614.0952545898,
  "s3sigma": 1862613.8292770863,
  "rms": 1328025.6827368294,
  "max": 2149794.700140219
 },
 "captured": {
  "dv": {
   "min": 103.94969706720772,
   "p50": 109.23701437166406,
   "p95": 114.87817985363834,
   "s3sigma": 123.01939080690633,
   "mean": 109.71461618871297,
   "max": 129.04558852637652
  },
  "apoapsis": {
   "p50": -1.2589446644305724,
   "p95": 26.11058941811986,
   "mean": -2.012683486876749
  },
  "periapsis": {
   "p50": 31.268726261493285,
   "p95": 36.873201653786,
   "mean": 31.088459360940146
  },
  "inclination": {
   "p50": 0.003651559005422911,
   "p95": 0.0548543399724717,
   "mean": 0.004398041329523373
  },
  "dv1": {
   "min": 102.16574458908781,
   "p50": 105.19178473840043,
   "p95": 106.96256395036463,
   "s3sigma": 109.49890910918441,
   "mean": 105.21809400043628,
   "max": 109.57402068899955
  },
  "dv2": {
   "min": 0.0003321837634757685,
   "p50": 2.5249570343103187,
   "p95": 7.785345937029021,
   "s3sigma": 16.082955267983433,
   "mean": 3.0715619968463352,
   "max": 23.98383454600571
  },
  "dv3": {
   "min": 0.0012467055375043675,
   "p50": 1.2180239337627725,
   "p95": 3.4842412304884207,
   "s3sigma": 5.28865156316314,
   "mean": 1.4249601914303698,
   "max": 5.325608863405203
  }
 },
 "constraints": {
  "heat_flux": {
   "p50": 173.96994578966232,
   "p95": 180.4990889399326,
   "s3sigma": 186.5370152223653,
   "max": 187.11060431629292,
   "limit": 200.0,
   "viol_pct": 0.0
  },
  "g_load": {
   "p50": 2.5387796416076167,
   "p95": 2.6839893683369223,
   "s3sigma": 2.799716215063792,
   "max": 2.8068505021243824,
   "limit": 4.0,
   "viol_pct": 0.0
  },
  "heat_load": {
   "p50": 22888.269923472246,
   "p95": 23987.55931269359,
   "s3sigma": 24720.498138391205,
   "max": 24900.652214049216,
   "limit": 25000.0,
   "viol_pct": 0.0
  }
 },
 "dv_p99": 117.27235558722214,
 "dv_cvar95": 116.95312321500623,
 "title": "NN -- Dense (515 params)"
}