{
  "nav.density_filter_gain": 0.7792339861815872,
  "nav.density_gain_max_delta": 0.0921896006515445,
  "shaping.max_bank_acceleration": 5.062873013894283
}