{
  "nav.density_filter_gain": 0.7519772632742383,
  "nav.density_gain_max_delta": 0.13904191790815662,
  "shaping.max_bank_acceleration": 5.227007025591858
}