{
  "capture_damping": 1.3966022229774333,
  "capture_frequency": 0.17227222841381165,
  "altitude_damping": 0.7116118902376871,
  "altitude_frequency": 0.13820529960072703,
  "capture_pdyn_margin": 2.6380312358731226,
  "pressure_coeff_base": -435.2457192265262,
  "pressure_coeff_scale_height": 6.405033104890014,
  "gain_fade_start_km": 81.99206579595091,
  "gain_fade_end_km": 112.46384700861891,
  "nav.density_filter_gain": 0.5101693728788601,
  "nav.density_gain_max_delta": 0.1885371133767145,
  "lateral.tau": 15.262836270220019,
  "lateral.threshold": 0.10183614688572924,
  "lateral.min_reversal_interval": 3.280917253712536,
  "lateral.lateral_activation": -0.5704267074777274,
  "lateral.lateral_inhibition": -7.41427469188908,
  "lateral.max_reversals": 9.029472957486133,
  "exit.exit_velocity_threshold": 4168.875862708136,
  "exit.exit_pdyn_margin": 2.2354993034067907,
  "exit.exit_radial_vel_gain": 1.0362449343672662,
  "exit.exit_altitude_threshold": 56.85421781411165,
  "thermal.heat_flux_activation": 0.7689275874327725,
  "thermal.heat_load_activation": 0.6005139915408787,
  "thermal.heat_flux_ramp_exponent": 2.465952034782977,
  "thermal.heat_load_ramp_exponent": 0.6515187772373824,
  "shaping.max_bank_acceleration": 9.108315979742876
}