{
  "nav.density_filter_gain": 0.534619719995342,
  "nav.density_gain_max_delta": 0.09813242685765218,
  "shaping.max_bank_acceleration": 4.9811503781388495
}