{
  "nav.density_filter_gain": 0.8082504061807583,
  "nav.density_gain_max_delta": 0.11183988378691558,
  "shaping.max_bank_acceleration": 5.870518829157088
}