{
  "nav.density_filter_gain": 0.8076713863075315,
  "nav.density_gain_max_delta": 0.09052436348222613,
  "shaping.max_bank_acceleration": 5.108754436853923
}