{
  "nav.density_filter_gain": 0.7958027700186457,
  "nav.density_gain_max_delta": 0.08756947971007394,
  "shaping.max_bank_acceleration": 4.729163824319018
}