{
  "nav.density_filter_gain": 0.809126917831247,
  "nav.density_gain_max_delta": 0.11855952940846093,
  "shaping.max_bank_acceleration": 5.054960700126233
}