{
  "nav.density_filter_gain": 0.645772595019594,
  "nav.density_gain_max_delta": 0.09330460591617006,
  "shaping.max_bank_acceleration": 14.244742556874652
}