{
  "nav.density_filter_gain": 0.8466604095838781,
  "nav.density_gain_max_delta": 0.20470057379178527,
  "shaping.max_bank_acceleration": 6.835996600961524
}