{
  "nav.density_filter_gain": 0.8062042810250103,
  "nav.density_gain_max_delta": 0.11698089446535552,
  "shaping.max_bank_acceleration": 5.018488362264318
}