{
 "n_sims": 1000,
 "n_captured": 1000,
 "capture_rate": 1.0,
 "cost": {
  "min": 1512574.9477331634,
  "p50": 1948995.964098774,
  "p95": 2616156.1475440743,
  "s3sigma": 3796224.673761509,
  "rms": 2054478.1193755665,
  "max": 4174978.0324864825
 },
 "captured": {
  "dv": {
   "min": 114.77611178587236,
   "p50": 124.89602293488906,
   "p95": 137.77311277975156,
   "s3sigma": 155.97565720769254,
   "mean": 126.25158100066196,
   "max": 160.99911020358826
  },
  "apoapsis": {
   "p50": 3.9011681273796057,
   "p95": 105.55889884844007,
   "mean": 16.105944991182415
  },
  "periapsis": {
   "p50": -16.724198969334363,
   "p95": 9.39406264794166,
   "mean": -17.952769856396923
  },
  "inclination": {
   "p50": -0.015536563736894493,
   "p95": 0.03862536578556223,
   "mean": -0.02010046387916806
  },
  "dv1": {
   "min": 106.76471823504198,
   "p50": 117.17218765634652,
   "p95": 126.83226359204613,
   "s3sigma": 133.07553404631383,
   "mean": 117.37555584658507,
   "max": 133.5628044106761
  },
  "dv2": {
   "min": 0.004196376956315362,
   "p50": 4.757411679853249,
   "p95": 22.128408433039805,
   "s3sigma": 38.71535378792124,
   "mean": 6.949682701704095,
   "max": 43.8164782360418
  },
  "dv3": {
   "min": 0.00045718090184155517,
   "p50": 1.4237599390480724,
   "p95": 4.99551669018979,
   "s3sigma": 16.593687595067962,
   "mean": 1.926342452372774,
   "max": 22.02718133747834
  }
 },
 "constraints": {
  "heat_flux": {
   "p50": 171.2649117027318,
   "p95": 176.03637363984924,
   "s3sigma": 180.79834517573664,
   "max": 181.36078584770908,
   "limit": 200.0,
   "viol_pct": 0.0
  },
  "g_load": {
   "p50": 2.428579916933599,
   "p95": 2.537071595198704,
   "s3sigma": 2.6547983742624797,
   "max": 2.6843803087983167,
   "limit": 4.0,
   "viol_pct": 0.0
  },
  "heat_load": {
   "p50": 21649.79344790269,
   "p95": 22611.977521973833,
   "s3sigma": 23238.612074857243,
   "max": 23377.587157998023,
   "limit": 25000.0,
   "viol_pct": 0.0
  }
 },
 "dv_p99": 145.856447361264,
 "dv_cvar95": 142.92912043130292,
 "title": "FTC (joint reference)"
}