{
  "nav.density_filter_gain": 0.7327802914865396,
  "nav.density_gain_max_delta": 0.04311367256760843,
  "shaping.max_bank_acceleration": 7.586541016399681
}