{
  "nav.density_filter_gain": 0.758212348119637,
  "nav.density_gain_max_delta": 0.10659925342123538,
  "shaping.max_bank_acceleration": 8.037173418510292
}