{
  "nav.density_filter_gain": 0.845088706976389,
  "nav.density_gain_max_delta": 0.11387864193024116,
  "shaping.max_bank_acceleration": 5.673975400536606
}