{
  "nav.density_filter_gain": 0.531106014381476,
  "nav.density_gain_max_delta": 0.03191876113413389,
  "shaping.max_bank_acceleration": 14.643178178902774
}