{
  "nav.density_filter_gain": 0.6516836419832677,
  "nav.density_gain_max_delta": 0.103019048609779,
  "shaping.max_bank_acceleration": 12.504363874462111
}