{
  "nav.density_filter_gain": 0.8219666043393379,
  "nav.density_gain_max_delta": 0.09619244188098507,
  "shaping.max_bank_acceleration": 5.123804458879315
}