{
  "nav.density_filter_gain": 0.7991712403122224,
  "nav.density_gain_max_delta": 0.01648715115168871,
  "shaping.max_bank_acceleration": 4.895318204154449
}