{
  "runs": {
    "classical_baselines/ftc": {
      "key": "classical_baselines/ftc",
      "legacy_prefix_regime": false,
      "n": 1000,
      "capture_pct": 100.0,
      "dv_mean": 170.65,
      "dv_p50": 165.95,
      "dv_p95": 208.93,
      "dv_p99": 272.84,
      "dv_cvar95": 244.14,
      "dv_max_descriptive": 351.56,
      "dv_mean_ci": [
        169.09,
        172.24
      ],
      "dv_p95_ci": [
        205.42,
        214.77
      ],
      "dv_cvar95_ci": [
        230.45,
        258.44
      ],
      "heat_flux_p95": 195.0,
      "g_load_p95": 3.38,
      "best_val_rms_within_transform_only": 5706806.854907687,
      "actual_sims": {
        "n_gen": 2001,
        "n_pop": 300,
        "training": 6003000,
        "validation": 1582000,
        "curation": 1012000,
        "reeval": 3036000,
        "total": 11633000
      }
    },
    "classical_baselines/piecewise_constant": {
      "key": "classical_baselines/piecewise_constant",
      "legacy_prefix_regime": false,
      "n": 1000,
      "capture_pct": 99.8,
      "dv_mean": 258.31,
      "dv_p50": 245.05,
      "dv_p95": 374.56,
      "dv_p99": 459.32,
      "dv_cvar95": 421.08,
      "dv_max_descriptive": 548.13,
      "dv_mean_ci": [
        254.37,
        262.2
      ],
      "dv_p95_ci": [
        362.95,
        389.8
      ],
      "dv_cvar95_ci": [
        404.42,
        436.68
      ],
      "heat_flux_p95": 194.8,
      "g_load_p95": 3.62,
      "best_val_rms_within_transform_only": 28040947.212999262,
      "actual_sims": {
        "n_gen": 2001,
        "n_pop": 300,
        "training": 6003000,
        "validation": 1812000,
        "curation": 1004000,
        "reeval": 3012000,
        "total": 11831000
      }
    },
    "legacy/best_neural_network_joint": {
      "key": "legacy/best_neural_network_joint",
      "legacy_prefix_regime": true,
      "n": 1000,
      "capture_pct": 100.0,
      "dv_mean": 125.26,
      "dv_p50": 123.42,
      "dv_p95": 143.34,
      "dv_p99": 158.14,
      "dv_cvar95": 151.67,
      "dv_max_descriptive": 179.78,
      "dv_mean_ci": [
        124.68,
        125.86
      ],
      "dv_p95_ci": [
        141.05,
        145.02
      ],
      "dv_cvar95_ci": [
        148.54,
        155.03
      ],
      "heat_flux_p95": 194.4,
      "g_load_p95": 3.3,
      "best_val_rms_within_transform_only": 11.298050901552912,
      "actual_sims": {
        "n_gen": 5001,
        "n_pop": 128,
        "training": 6401280,
        "validation": 4931000,
        "curation": 0,
        "reeval": 0,
        "total": 11332280
      }
    },
    "legacy/neural_gru_joint": {
      "key": "legacy/neural_gru_joint",
      "legacy_prefix_regime": true,
      "n": 1000,
      "capture_pct": 100.0,
      "dv_mean": 127.6,
      "dv_p50": 124.32,
      "dv_p95": 153.37,
      "dv_p99": 173.74,
      "dv_cvar95": 166.35,
      "dv_max_descriptive": 204.58,
      "dv_mean_ci": [
        126.82,
        128.42
      ],
      "dv_p95_ci": [
        149.41,
        156.34
      ],
      "dv_cvar95_ci": [
        161.54,
        171.06
      ],
      "heat_flux_p95": 188.2,
      "g_load_p95": 3.18,
      "best_val_rms_within_transform_only": 11.3735174454925,
      "actual_sims": {
        "n_gen": 5001,
        "n_pop": 128,
        "training": 6401280,
        "validation": 4915000,
        "curation": 0,
        "reeval": 0,
        "total": 11316280
      }
    },
    "legacy/neural_network_atan2": {
      "key": "legacy/neural_network_atan2",
      "legacy_prefix_regime": true,
      "n": 1000,
      "capture_pct": 100.0,
      "dv_mean": 118.97,
      "dv_p50": 117.56,
      "dv_p95": 131.96,
      "dv_p99": 141.74,
      "dv_cvar95": 138.35,
      "dv_max_descriptive": 165.23,
      "dv_mean_ci": [
        118.56,
        119.39
      ],
      "dv_p95_ci": [
        130.75,
        133.66
      ],
      "dv_cvar95_ci": [
        135.92,
        140.88
      ],
      "heat_flux_p95": 177.1,
      "g_load_p95": 2.76,
      "best_val_rms_within_transform_only": 1731330.707305085,
      "actual_sims": {
        "n_gen": 6000,
        "n_pop": 10,
        "training": 600000,
        "validation": 3631000,
        "curation": 0,
        "reeval": 0,
        "total": 4231000
      }
    },
    "legacy/neural_network_atan2_qat4": {
      "key": "legacy/neural_network_atan2_qat4",
      "legacy_prefix_regime": true,
      "n": 1000,
      "capture_pct": 100.0,
      "dv_mean": 128.75,
      "dv_p50": 126.92,
      "dv_p95": 149.67,
      "dv_p99": 164.52,
      "dv_cvar95": 158.64,
      "dv_max_descriptive": 186.68,
      "dv_mean_ci": [
        128.06,
        129.44
      ],
      "dv_p95_ci": [
        147.92,
        152.18
      ],
      "dv_cvar95_ci": [
        155.34,
        161.9
      ],
      "heat_flux_p95": 191.2,
      "g_load_p95": 3.28,
      "best_val_rms_within_transform_only": 2185224.815953485,
      "actual_sims": {
        "n_gen": 6000,
        "n_pop": 50,
        "training": 3000000,
        "validation": 2890000,
        "curation": 0,
        "reeval": 0,
        "total": 5890000
      }
    },
    "legacy/neural_network_atan2_qat8": {
      "key": "legacy/neural_network_atan2_qat8",
      "legacy_prefix_regime": true,
      "n": 1000,
      "capture_pct": 100.0,
      "dv_mean": 125.13,
      "dv_p50": 123.63,
      "dv_p95": 140.4,
      "dv_p99": 151.38,
      "dv_cvar95": 147.92,
      "dv_max_descriptive": 196.04,
      "dv_mean_ci": [
        124.6,
        125.67
      ],
      "dv_p95_ci": [
        139.2,
        142.21
      ],
      "dv_cvar95_ci": [
        144.89,
        151.43
      ],
      "heat_flux_p95": 186.9,
      "g_load_p95": 3.15,
      "best_val_rms_within_transform_only": 2002431.1212640768,
      "actual_sims": {
        "n_gen": 6000,
        "n_pop": 50,
        "training": 3000000,
        "validation": 3319000,
        "curation": 0,
        "reeval": 0,
        "total": 6319000
      }
    },
    "legacy/neural_network_delta_pso": {
      "key": "legacy/neural_network_delta_pso",
      "legacy_prefix_regime": true,
      "n": 1000,
      "capture_pct": 100.0,
      "dv_mean": 141.82,
      "dv_p50": 139.67,
      "dv_p95": 162.43,
      "dv_p99": 181.3,
      "dv_cvar95": 175.0,
      "dv_max_descriptive": 228.26,
      "dv_mean_ci": [
        141.05,
        142.62
      ],
      "dv_p95_ci": [
        161.18,
        164.65
      ],
      "dv_cvar95_ci": [
        169.75,
        180.9
      ],
      "heat_flux_p95": 189.4,
      "g_load_p95": 3.31,
      "best_val_rms_within_transform_only": 4.958411128335248,
      "actual_sims": {
        "n_gen": 3000,
        "n_pop": 25,
        "training": 750000,
        "validation": 2470000,
        "curation": 0,
        "reeval": 0,
        "total": 3220000
      }
    },
    "legacy/neural_network_delta_pso_pruned": {
      "key": "legacy/neural_network_delta_pso_pruned",
      "legacy_prefix_regime": true,
      "n": 1000,
      "capture_pct": 100.0,
      "dv_mean": 129.89,
      "dv_p50": 128.9,
      "dv_p95": 145.89,
      "dv_p99": 158.02,
      "dv_cvar95": 154.31,
      "dv_max_descriptive": 222.12,
      "dv_mean_ci": [
        129.3,
        130.52
      ],
      "dv_p95_ci": [
        144.41,
        147.93
      ],
      "dv_cvar95_ci": [
        150.68,
        158.58
      ],
      "heat_flux_p95": 181.3,
      "g_load_p95": 2.93,
      "best_val_rms_within_transform_only": 2255319.1693159007,
      "actual_sims": {
        "n_gen": 3000,
        "n_pop": 25,
        "training": 750000,
        "validation": 2466000,
        "curation": 0,
        "reeval": 0,
        "total": 3216000
      }
    },
    "legacy/neural_network_delta_pso_pruned_dv3": {
      "key": "legacy/neural_network_delta_pso_pruned_dv3",
      "legacy_prefix_regime": true,
      "n": 1000,
      "capture_pct": 100.0,
      "dv_mean": 122.47,
      "dv_p50": 120.69,
      "dv_p95": 138.52,
      "dv_p99": 152.29,
      "dv_cvar95": 146.6,