{
  "nav.density_filter_gain": 0.8175202671318194,
  "nav.density_gain_max_delta": 0.1156401406346177,
  "shaping.max_bank_acceleration": 5.977769601369293
}