{
  "nav.density_filter_gain": 0.8098233916687283,
  "nav.density_gain_max_delta": 0.10330145132102322,
  "shaping.max_bank_acceleration": 5.221065542223673
}