{
  "nav.density_filter_gain": 0.6197893121367338,
  "nav.density_gain_max_delta": 0.4149667540163977,
  "shaping.max_bank_acceleration": 14.134119328509762
}