{
  "nav.density_filter_gain": 0.8686733802261883,
  "nav.density_gain_max_delta": 0.046500208256063144,
  "shaping.max_bank_acceleration": 5.326955104667473
}