{
  "nav.density_filter_gain": 0.7617672292892481,
  "nav.density_gain_max_delta": 0.3181579851915896,
  "shaping.max_bank_acceleration": 14.887592216962657
}