{
  "nav.density_filter_gain": 0.49195105512547327,
  "nav.density_gain_max_delta": 0.25950618855819496,
  "shaping.max_bank_acceleration": 13.507560470759984
}