{
  "capture_damping": 1.3463640043719443,
  "capture_frequency": 0.1771140199242925,
  "altitude_damping": 1.0578288511005565,
  "altitude_frequency": 0.1971718608575516,
  "capture_pdyn_margin": 2.3330966745793447,
  "pressure_coeff_base": -492.18577390655906,
  "pressure_coeff_scale_height": 6.196815475676774,
  "gain_fade_start_km": 70.26697059582604,
  "gain_fade_end_km": 95.04410467513114,
  "nav.density_filter_gain": 0.46393427843794743,
  "nav.density_gain_max_delta": 0.16209137254181222,
  "lateral.tau": 3.0279009271894655,
  "lateral.threshold": 0.04798527112493179,
  "lateral.min_reversal_interval": 4.306987572212672,
  "lateral.lateral_activation": -0.5002760829796395,
  "lateral.lateral_inhibition": -9.552949821264997,
  "lateral.max_reversals": 9.875048568556164,
  "exit.exit_velocity_threshold": 4150.2122919218955,
  "exit.exit_pdyn_margin": 1.7720219508218162,
  "exit.exit_radial_vel_gain": 1.0052966765701854,
  "exit.exit_altitude_threshold": 54.37393901992536,
  "thermal.heat_flux_activation": 0.9469519872144498,
  "thermal.heat_load_activation": 0.6002533870248883,
  "thermal.heat_flux_ramp_exponent": 0.9140143042428415,
  "thermal.heat_load_ramp_exponent": 0.5374569822059971,
  "shaping.max_bank_acceleration": 10.677802667803471
}