{
  "nav.density_filter_gain": 0.8275602044492689,
  "nav.density_gain_max_delta": 0.09216258556943002,
  "shaping.max_bank_acceleration": 5.347360513289427
}