{
  "k_hdot_scale": 0.9750164410393439,
  "v_ratio_threshold": 1.176377728721725,
  "velocity_bias_high": 0.06705263759576117,
  "velocity_bias_low": 0.8953415350222983,
  "alt_bias_threshold": 74.67599709689472,
  "cos_bank_min": -0.5442590040064506,
  "cos_bank_max": 0.6290499543571145,
  "nav.density_filter_gain": 0.3116129843175684,
  "nav.density_gain_max_delta": 0.4542897690989951,
  "lateral.tau": 47.798202852955086,
  "lateral.threshold": 0.5805089356405829,
  "lateral.min_reversal_interval": 4.433470046361612,
  "lateral.lateral_activation": -0.5000844216606195,
  "lateral.lateral_inhibition": -6.958674994760093,
  "lateral.max_reversals": 9.053577173878887,
  "exit.exit_velocity_threshold": 3142.254268455873,
  "exit.exit_pdyn_margin": 2.2891628376586604,
  "exit.exit_radial_vel_gain": 8.854959304692965,
  "exit.exit_altitude_threshold": 37.234797464155655,
  "thermal.heat_flux_activation": 0.6912362978346802,
  "thermal.heat_load_activation": 0.7374732047257527,
  "thermal.heat_flux_ramp_exponent": 0.5469806958082727,
  "thermal.heat_load_ramp_exponent": 1.2468285776807062,
  "shaping.max_bank_acceleration": 11.207890879846367
}