{
  "nav.density_filter_gain": 0.5191311678801053,
  "nav.density_gain_max_delta": 0.02312193570757216,
  "shaping.max_bank_acceleration": 8.513222380620643
}