{
  "nav.density_filter_gain": 0.8144147115958902,
  "nav.density_gain_max_delta": 0.08748886181173872,
  "shaping.max_bank_acceleration": 5.237761472813483
}