{
  "nav.density_filter_gain": 0.5087819848999795,
  "nav.density_gain_max_delta": 0.0919879689716233,
  "shaping.max_bank_acceleration": 13.814410675545496
}