{
  "nav.density_filter_gain": 0.8037782241792357,
  "nav.density_gain_max_delta": 0.0966377652061225,
  "shaping.max_bank_acceleration": 5.1863001417248
}