{
  "nav.density_filter_gain": 0.8301506274717567,
  "nav.density_gain_max_delta": 0.19263250529670015,
  "shaping.max_bank_acceleration": 10.183007083653516
}