{
  "nav.density_filter_gain": 0.8106155467515648,
  "nav.density_gain_max_delta": 0.09666921669184321,
  "shaping.max_bank_acceleration": 5.209323229870298
}