{
 "n_sims": 1000,
 "n_captured": 995,
 "capture_rate": 0.995,
 "cost": {
  "min": 2042561.3748022085,
  "p50": 6862332.192656862,
  "p95": 25742421.535226755,
  "s3sigma": 378055462665.6681,
  "rms": 27296364413.754547,
  "max": 561502016873.3673
 },
 "captured": {
  "dv": {
   "min": 126.86342909190373,
   "p50": 189.85383349035035,
   "p95": 289.9572573083487,
   "s3sigma": 404.8563562254987,
   "mean": 200.2725544175176,
   "max": 417.1008098349967
  },
  "apoapsis": {
   "p50": 174.5027482051421,
   "p95": 806.1532145623361,
   "mean": 205.22490031250499
  },
  "periapsis": {
   "p50": -39.74453559294855,
   "p95": 9.901662312152277,
   "mean": -70.09525648301869
  },
  "inclination": {
   "p50": -0.14416562056988624,
   "p95": 0.18824544990797348,
   "mean": -0.12741813522073742
  },
  "dv1": {
   "min": 95.22740351183347,
   "p50": 121.49218526391724,
   "p95": 184.17716495669893,
   "s3sigma": 296.2070482670327,
   "mean": 129.7480671272004,
   "max": 301.48162308613064
  },
  "dv2": {
   "min": 0.13950019188587248,
   "p50": 51.42266130616417,
   "p95": 152.08255762843558,
   "s3sigma": 263.2023357337187,
   "mean": 60.1680898712738,
   "max": 270.02643729490046
  },
  "dv3": {
   "min": 0.003230172770192353,
   "p50": 9.643777443179642,
   "p95": 22.094447524465163,
   "s3sigma": 45.99799441564069,
   "mean": 10.356397419043418,
   "max": 51.84696902826278
  }
 },
 "constraints": {
  "heat_flux": {
   "p50": 184.3398025286935,
   "p95": 192.6855832976085,
   "s3sigma": 201.3372246294652,
   "max": 202.853409599612,
   "limit": 200.0,
   "viol_pct": 0.5
  },
  "g_load": {
   "p50": 3.0055876804165136,
   "p95": 3.4136202621840925,
   "s3sigma": 3.6588450115419815,
   "max": 3.6931433833242195,
   "limit": 4.0,
   "viol_pct": 0.0
  },
  "heat_load": {
   "p50": 19704.399474942984,
   "p95": 21444.39153501583,
   "s3sigma": 23112.96887800921,
   "max": 24036.12257558495,
   "limit": 25000.0,
   "viol_pct": 0.0
  }
 },
 "dv_p99": 349.20568586317245,
 "dv_cvar95": 327.57034295906067,
 "title": "Equilibrium glide"
}