{
  "nav.density_filter_gain": 0.815988134190448,
  "nav.density_gain_max_delta": 0.1551614624682088,
  "shaping.max_bank_acceleration": 4.610692868174015
}