{
 "n_sims": 1000,
 "n_captured": 998,
 "capture_rate": 0.998,
 "cost": {
  "min": 3805844.0301936013,
  "p50": 14733576.398335285,
  "p95": 53391537.70798791,
  "s3sigma": 292300620773.45526,
  "rms": 20057603548.329674,
  "max": 478168117750.54614
 },
 "captured": {
  "dv": {
   "min": 156.10740427596477,
   "p50": 245.04954837558176,
   "p95": 374.5608551154727,
   "s3sigma": 500.48118500484185,
   "mean": 258.30601105861217,
   "max": 548.1329309732693
  },
  "apoapsis": {
   "p50": 253.85843530149015,
   "p95": 1365.5780385206995,
   "mean": 363.1368489658973
  },
  "periapsis": {
   "p50": -113.86834804758826,
   "p95": -31.255659275097262,
   "mean": -166.35454388034756
  },
  "inclination": {
   "p50": -0.16468569218894302,
   "p95": 0.22183579707621448,
   "mean": -0.19821998202056043
  },
  "dv1": {
   "min": 87.88776644696304,
   "p50": 139.64213175355076,
   "p95": 249.84076118502043,
   "s3sigma": 388.36738443274163,
   "mean": 154.27067365776054,
   "max": 391.466888516522
  },
  "dv2": {
   "min": 0.1601319010651423,
   "p50": 65.36473884823954,
   "p95": 238.80642169173726,
   "s3sigma": 374.07266855450433,
   "mean": 89.34958419589233,
   "max": 454.4879425821041
  },
  "dv3": {
   "min": 0.00012572758873621718,
   "p50": 12.140419784190124,
   "p95": 40.15939081271582,
   "s3sigma": 51.502101501103304,
   "mean": 14.685753204959308,
   "max": 52.85672159653788
  }
 },
 "constraints": {
  "heat_flux": {
   "p50": 184.48125509417426,
   "p95": 194.84854630463525,
   "s3sigma": 203.33053490035638,
   "max": 205.5547172541316,
   "limit": 200.0,
   "viol_pct": 1.0999999999999999
  },
  "g_load": {
   "p50": 3.0269585073404786,
   "p95": 3.6152604356481963,
   "s3sigma": 3.9235787102798327,
   "max": 3.9374291707602653,
   "limit": 4.0,
   "viol_pct": 0.0
  },
  "heat_load": {
   "p50": 18822.915159105836,
   "p95": 20223.120312060048,
   "s3sigma": 20616.95996456765,
   "max": 20728.097973638465,
   "limit": 25000.0,
   "viol_pct": 0.0
  }
 },
 "dv_p99": 459.3152000022839,
 "dv_cvar95": 421.0841599332309,
 "title": "Piecewise constant"
}