{
  "nav.density_filter_gain": 0.8525202751409429,
  "nav.density_gain_max_delta": 0.19688717635211575,
  "shaping.max_bank_acceleration": 2.2592475014271014
}