{
  "nav.density_filter_gain": 0.8077273418371007,
  "nav.density_gain_max_delta": 0.0949722030333231,
  "shaping.max_bank_acceleration": 4.7203198581513135
}