{
  "nav.density_filter_gain": 0.6434469579049958,
  "nav.density_gain_max_delta": 0.21876483880437678,
  "shaping.max_bank_acceleration": 11.811758215406405
}