{
  "nav.density_filter_gain": 0.8583358625707718,
  "nav.density_gain_max_delta": 0.14121065599987404,
  "shaping.max_bank_acceleration": 14.659703754067687
}