{
  "nav.density_filter_gain": 0.7511445090056871,
  "nav.density_gain_max_delta": 0.1552808034288171,
  "shaping.max_bank_acceleration": 8.965995182681358
}