{
  "nav.density_filter_gain": 0.8112540469788909,
  "nav.density_gain_max_delta": 0.09870821327464209,
  "shaping.max_bank_acceleration": 5.826514445538195
}