{
  "nav.density_filter_gain": 0.7814559518288324,
  "nav.density_gain_max_delta": 0.054890405362864894,
  "shaping.max_bank_acceleration": 12.577169766843271
}