{
  "nav.density_filter_gain": 0.6485907279572838,
  "nav.density_gain_max_delta": 0.038989478047338544,
  "shaping.max_bank_acceleration": 9.401197573564808
}