{
  "nav.density_filter_gain": 0.5312533278187741,
  "nav.density_gain_max_delta": 0.4277208459706094,
  "shaping.max_bank_acceleration": 11.846578250671342
}