{
 "n_sims": 1000,
 "n_captured": 1000,
 "capture_rate": 1.0,
 "cost": {
  "min": 1826224.6455850557,
  "p50": 2933735.5336100403,
  "p95": 4425062.269443832,
  "s3sigma": 6881714.369132161,
  "rms": 3345893.3073920077,
  "max": 37220491.262168765
 },
 "captured": {
  "dv": {
   "min": 122.21653802294017,
   "p50": 143.13615815333856,
   "p95": 164.15132564205393,
   "s3sigma": 189.93902367904064,
   "mean": 144.17829213743724,
   "max": 333.7550693107872
  },
  "apoapsis": {
   "p50": 2.7289477763953585,
   "p95": 135.75123525335755,
   "mean": 11.416988270211526
  },
  "periapsis": {
   "p50": -46.16928728278145,
   "p95": -26.878527391964315,
   "mean": -45.65334333598386
  },
  "inclination": {
   "p50": -0.07978355631788503,
   "p95": 0.032235886595599415,
   "mean": -0.16005557146759616
  },
  "dv1": {
   "min": 113.00758941230515,
   "p50": 124.60052654924539,
   "p95": 129.2031537056426,
   "s3sigma": 133.95244707061454,
   "mean": 124.42605518661023,
   "max": 161.32283056974484
  },
  "dv2": {
   "min": 0.022618196244366118,
   "p50": 7.7210180229635625,
   "p95": 28.389180971549646,
   "s3sigma": 58.000899942272746,
   "mean": 10.17982349880135,
   "max": 65.32934193239544
  },
  "dv3": {
   "min": 0.00022124256813145458,
   "p50": 4.541611674999223,
   "p95": 29.315854455630905,
   "s3sigma": 46.47362589265978,
   "mean": 9.572413452025627,
   "max": 130.93131832966247
  }
 },
 "constraints": {
  "heat_flux": {
   "p50": 172.024846041096,
   "p95": 178.87371493064606,
   "s3sigma": 186.12395451047996,
   "max": 186.9003913349292,
   "limit": 200.0,
   "viol_pct": 0.0
  },
  "g_load": {
   "p50": 2.530229959423635,
   "p95": 2.758429481102475,
   "s3sigma": 2.9027683319376147,
   "max": 2.9115355139516703,
   "limit": 4.0,
   "viol_pct": 0.0
  },
  "heat_load": {
   "p50": 21159.023442830563,
   "p95": 22196.6149484572,
   "s3sigma": 22842.926008796272,
   "max": 22909.610648118745,
   "limit": 25000.0,
   "viol_pct": 0.0
  }
 },
 "dv_p99": 173.66784733185602,
 "dv_cvar95": 172.7865228666715,
 "title": "PredGuid (joint reference)"
}