{
  "nav.density_filter_gain": 0.8098988585009066,
  "nav.density_gain_max_delta": 0.10022147724188536,
  "shaping.max_bank_acceleration": 4.803911113879973
}