{
  "nav.density_filter_gain": 0.9704535262175098,
  "nav.density_gain_max_delta": 0.08418083569402751,
  "shaping.max_bank_acceleration": 4.1231680535013835
}