{
  "nav.density_filter_gain": 0.9758770821866176,
  "nav.density_gain_max_delta": 0.19261322811953288,
  "shaping.max_bank_acceleration": 4.924595893002691
}