{
  "nav.density_filter_gain": 0.8609923217897104,
  "nav.density_gain_max_delta": 0.041300956065453344,
  "shaping.max_bank_acceleration": 5.867499208592889
}