{
  "nav.density_filter_gain": 0.6288887456304986,
  "nav.density_gain_max_delta": 0.05027568255035319,
  "shaping.max_bank_acceleration": 4.817023055620931
}