{
  "nav.density_filter_gain": 0.7189371257108823,
  "nav.density_gain_max_delta": 0.022705112628661817,
  "shaping.max_bank_acceleration": 8.571789685551629
}