{
  "nav.density_filter_gain": 0.5362250683705203,
  "nav.density_gain_max_delta": 0.018570530653724993,
  "shaping.max_bank_acceleration": 14.938350623700478
}