{
  "nav.density_filter_gain": 0.6293789363336324,
  "nav.density_gain_max_delta": 0.3403163293562629,
  "shaping.max_bank_acceleration": 8.035221360755251
}