{
  "nav.density_filter_gain": 0.7451541718824934,
  "nav.density_gain_max_delta": 0.1733472802222186,
  "shaping.max_bank_acceleration": 6.894314073291916
}