{
  "nav.density_filter_gain": 0.7289153780356512,
  "nav.density_gain_max_delta": 0.12979866047264088,
  "shaping.max_bank_acceleration": 6.166455890760169
}