{
  "nav.density_filter_gain": 0.7857322598663707,
  "nav.density_gain_max_delta": 0.07048680119677089,
  "shaping.max_bank_acceleration": 10.27273585418183
}