{
  "nav.density_filter_gain": 0.6655177546041369,
  "nav.density_gain_max_delta": 0.10965090529405891,
  "shaping.max_bank_acceleration": 6.476318084896017
}