{
  "nav.density_filter_gain": 0.5337014296533508,
  "nav.density_gain_max_delta": 0.13134411412760652,
  "shaping.max_bank_acceleration": 14.981332907200722
}