{
  "nav.density_filter_gain": 0.9427838628548249,
  "nav.density_gain_max_delta": 0.12545601543404108,
  "shaping.max_bank_acceleration": 7.71362932995184
}