{
  "nav.density_filter_gain": 0.628005369758365,
  "nav.density_gain_max_delta": 0.03422511859410854,
  "shaping.max_bank_acceleration": 13.3738580151758
}