{
  "nav.density_filter_gain": 0.510863637365218,
  "nav.density_gain_max_delta": 0.10065998211548728,
  "shaping.max_bank_acceleration": 4.3710977983584645
}