{
  "nav.density_filter_gain": 0.5582466878161865,
  "nav.density_gain_max_delta": 0.20202861886814685,
  "lateral.tau": 18.726476934244506,
  "lateral.threshold": 1.7801072252305377,
  "lateral.min_reversal_interval": 7.1731335617087995,
  "lateral.lateral_activation": -0.7685570639562673,
  "lateral.lateral_inhibition": -8.887041651141868,
  "lateral.max_reversals": 5,
  "exit.exit_velocity_threshold": 3316.0290560681856,
  "exit.exit_pdyn_margin": 1.4451490087005028,
  "exit.exit_radial_vel_gain": 20.269133755612053,
  "exit.exit_altitude_threshold": 52.090382493289596,
  "thermal.heat_flux_activation": 0.7353819337402305,
  "thermal.heat_load_activation": 0.837823586748182,
  "thermal.heat_flux_ramp_exponent": 1.2318712462507042,
  "thermal.heat_load_ramp_exponent": 0.6059788333561863,
  "shaping.max_bank_acceleration": 10.804643758029858
}