{
  "nav.density_filter_gain": 0.8084015581915547,
  "nav.density_gain_max_delta": 0.10265096970960265,
  "shaping.max_bank_acceleration": 5.696947916653915
}