{
  "nav.density_filter_gain": 0.6289437054420248,
  "nav.density_gain_max_delta": 0.49279020965651005,
  "shaping.max_bank_acceleration": 14.823188395801619
}