{
  "nav.density_filter_gain": 0.8754901701598843,
  "nav.density_gain_max_delta": 0.07546765617709128,
  "shaping.max_bank_acceleration": 14.734884526294751
}