{
  "nav.density_filter_gain": 0.7926347625698036,
  "nav.density_gain_max_delta": 0.03663377078696572,
  "shaping.max_bank_acceleration": 5.235733592395078
}