{
  "capture_damping": 1.4999577087724847,
  "capture_frequency": 0.15492125915594057,
  "altitude_damping": 1.4921355784111574,
  "altitude_frequency": 0.01045788762108599,
  "capture_pdyn_margin": 1.0022700404458162,
  "pressure_coeff_base": -484.96435389131796,
  "pressure_coeff_scale_height": 6.19932429319287,
  "gain_fade_start_km": 60.63158693902347,
  "gain_fade_end_km": 119.99952426270903,
  "nav.density_filter_gain": 0.30011793411298154,
  "nav.density_gain_max_delta": 0.08017580371890443,
  "lateral.tau": 8.923066169677172,
  "lateral.threshold": 0.0742497939093459,
  "lateral.min_reversal_interval": 6.965344570372611,
  "lateral.lateral_activation": -0.6314434642615518,
  "lateral.lateral_inhibition": -9.645312919553719,
  "lateral.max_reversals": 8.616908870391267,
  "exit.exit_velocity_threshold": 4101.422052353963,
  "exit.exit_pdyn_margin": 1.1181513891079897,
  "exit.exit_radial_vel_gain": 1.0000000212133116,
  "exit.exit_altitude_threshold": 51.986646828959465,
  "thermal.heat_flux_activation": 0.9633633689546602,
  "thermal.heat_load_activation": 0.9999170012178554,
  "thermal.heat_flux_ramp_exponent": 2.8008928538654567,
  "thermal.heat_load_ramp_exponent": 2.3520624344309455,
  "shaping.max_bank_acceleration": 8.859152012901028
}