{
  "capture_damping": 1.4998487677437655,
  "capture_frequency": 0.15476271628371582,
  "altitude_damping": 0.4692829108422336,
  "altitude_frequency": 0.19033208140484978,
  "capture_pdyn_margin": 1.034353096313405,
  "pressure_coeff_base": -499.35863019870555,
  "pressure_coeff_scale_height": 5.989679239681947,
  "gain_fade_start_km": 89.0080940380429,
  "gain_fade_end_km": 89.95345695256728,
  "nav.density_filter_gain": 0.5898040832927955,
  "nav.density_gain_max_delta": 0.01614538398404708,
  "lateral.tau": 2.368139658188569,
  "lateral.threshold": 0.0404712976922944,
  "lateral.min_reversal_interval": 5.422143207794704,
  "lateral.lateral_activation": -0.5013548815269342,
  "lateral.lateral_inhibition": -9.774636926660543,
  "lateral.max_reversals": 9.970584593739739,
  "exit.exit_velocity_threshold": 4077.203469258541,
  "exit.exit_pdyn_margin": 0.8404393493512394,
  "exit.exit_radial_vel_gain": 1.0068564434081673,
  "exit.exit_altitude_threshold": 48.32815766974749,
  "thermal.heat_flux_activation": 0.7762474407072012,
  "thermal.heat_load_activation": 0.6019942919191029,
  "thermal.heat_flux_ramp_exponent": 2.3836016378276383,
  "thermal.heat_load_ramp_exponent": 0.5000014482858203,
  "shaping.max_bank_acceleration": 9.186500607276848
}