{
  "nav.density_filter_gain": 0.7825285552421173,
  "nav.density_gain_max_delta": 0.09851773305789585,
  "shaping.max_bank_acceleration": 4.8175904783521855
}