{
  "nav.density_filter_gain": 0.9748279023823287,
  "nav.density_gain_max_delta": 0.32101167856776636,
  "shaping.max_bank_acceleration": 3.7845511235721294
}