{
  "nav.density_filter_gain": 0.7523870178820179,
  "nav.density_gain_max_delta": 0.3179476605348522,
  "shaping.max_bank_acceleration": 11.085673162875079
}