{
  "nav.density_filter_gain": 0.8081696688980509,
  "nav.density_gain_max_delta": 0.017328059797876095,
  "shaping.max_bank_acceleration": 10.736690926684247
}