{
  "nav.density_filter_gain": 0.7450271981381479,
  "nav.density_gain_max_delta": 0.18629825076941942,
  "shaping.max_bank_acceleration": 12.256369368506318
}