{
  "nav.density_filter_gain": 0.9221341566149748,
  "nav.density_gain_max_delta": 0.23117994438129735,
  "shaping.max_bank_acceleration": 5.573896176041628
}