{
  "nav.density_filter_gain": 0.5929796150350721,
  "nav.density_gain_max_delta": 0.02677865957185964,
  "shaping.max_bank_acceleration": 14.258404271318012
}