{
  "capture_damping": 1.3944562247898606,
  "capture_frequency": 0.175705356015386,
  "altitude_damping": 1.485531054267822,
  "altitude_frequency": 0.1502507492435045,
  "capture_pdyn_margin": 2.265870317423073,
  "pressure_coeff_base": -498.16495602984037,
  "pressure_coeff_scale_height": 6.451194492586055,
  "gain_fade_start_km": 60.64406139555956,
  "gain_fade_end_km": 115.12010145500928,
  "nav.density_filter_gain": 0.3013181914163182,
  "nav.density_gain_max_delta": 0.4092058592806843,
  "lateral.tau": 2.453185522778287,
  "lateral.threshold": 0.018035192155259464,
  "lateral.min_reversal_interval": 6.299979836457322,
  "lateral.lateral_activation": -0.5167312344125374,
  "lateral.lateral_inhibition": -9.511040120168943,
  "lateral.max_reversals": 9.998485202566052,
  "exit.exit_velocity_threshold": 4113.340402324332,
  "exit.exit_pdyn_margin": 3.9623431080336617,
  "exit.exit_radial_vel_gain": 1.0069506343911345,
  "exit.exit_altitude_threshold": 61.71152274016623,
  "thermal.heat_flux_activation": 0.997661318821291,
  "thermal.heat_load_activation": 0.6008209249534422,
  "thermal.heat_flux_ramp_exponent": 2.183618507590878,
  "thermal.heat_load_ramp_exponent": 0.5444566844934621,
  "shaping.max_bank_acceleration": 8.703066769263433
}