{
  "capture_damping": 1.4622647177924888,
  "capture_frequency": 0.16648761549303293,
  "altitude_damping": 1.166549460370194,
  "altitude_frequency": 0.19912499466100453,
  "capture_pdyn_margin": 1.2941562943678202,
  "pressure_coeff_base": -483.0879087636345,
  "pressure_coeff_scale_height": 6.383500489791959,
  "gain_fade_start_km": 85.75374493225479,
  "gain_fade_end_km": 101.90420148010249,
  "nav.density_filter_gain": 0.4258875706957871,
  "nav.density_gain_max_delta": 0.05529282597560919,
  "lateral.tau": 2.4202694586256706,
  "lateral.threshold": 0.016939027045534794,
  "lateral.min_reversal_interval": 5.613341431813726,
  "lateral.lateral_activation": -0.5001078936580887,
  "lateral.lateral_inhibition": -7.776949246425021,
  "lateral.max_reversals": 9.162490736639754,
  "exit.exit_velocity_threshold": 4039.3634410117393,
  "exit.exit_pdyn_margin": 3.926803987624234,
  "exit.exit_radial_vel_gain": 1.0317821221137236,
  "exit.exit_altitude_threshold": 60.62208478500822,
  "thermal.heat_flux_activation": 0.9842074221912315,
  "thermal.heat_load_activation": 0.6004723882496281,
  "thermal.heat_flux_ramp_exponent": 0.5483935044226163,
  "thermal.heat_load_ramp_exponent": 0.5007136824740044,
  "shaping.max_bank_acceleration": 9.17016491508588
}