{
  "nav.density_filter_gain": 0.6949703615276548,
  "nav.density_gain_max_delta": 0.05592695818159417,
  "shaping.max_bank_acceleration": 13.087871753774412
}