{
  "nav.density_filter_gain": 0.7325470298247807,
  "nav.density_gain_max_delta": 0.08960308493449125,
  "shaping.max_bank_acceleration": 7.133907797404366
}