{
  "nav.density_filter_gain": 0.7035197394810915,
  "nav.density_gain_max_delta": 0.10108684322822517,
  "shaping.max_bank_acceleration": 4.954133850296019
}