{
  "capture_damping": 0.3001163752056612,
  "capture_frequency": 0.07547463086409463,
  "altitude_damping": 1.26342241226879,
  "altitude_frequency": 0.08701105761159193,
  "capture_pdyn_margin": 1.2810415516393976,
  "pressure_coeff_base": -27.13021186421463,
  "pressure_coeff_scale_height": 12.202640821256882,
  "gain_fade_start_km": 86.2630467287912,
  "gain_fade_end_km": 114.25246510165826,
  "nav.density_filter_gain": 0.9389297614113556,
  "nav.density_gain_max_delta": 0.018437607864706544,
  "lateral.tau": 4.462126945760053,
  "lateral.threshold": 0.010242533804949498,
  "lateral.min_reversal_interval": 10.053093411828508,
  "lateral.lateral_activation": -0.5000351464968347,
  "lateral.lateral_inhibition": -8.156863854799955,
  "lateral.max_reversals": 6.965656813879685,
  "exit.exit_velocity_threshold": 3476.1255547954975,
  "exit.exit_pdyn_margin": 2.865308839163663,
  "exit.exit_radial_vel_gain": 1.1465395424212959,
  "exit.exit_altitude_threshold": 83.24211869420628,
  "thermal.heat_flux_activation": 0.6001254861177783,
  "thermal.heat_load_activation": 0.759747411710247,
  "thermal.heat_flux_ramp_exponent": 1.161326155787136,
  "thermal.heat_load_ramp_exponent": 2.4788885655737576,
  "shaping.max_bank_acceleration": 14.999359932798056,
  "ref_bank": 65.09610725943162
}