{
 "n_sims": 1000,
 "n_captured": 1000,
 "capture_rate": 1.0,
 "cost": {
  "min": 1143168.5339105518,
  "p50": 1388921.2908266159,
  "p95": 1600990.9335437573,
  "s3sigma": 1858516.234586499,
  "rms": 1402340.603649218,
  "max": 2230291.684810314
 },
 "captured": {
  "dv": {
   "min": 104.54816784949259,
   "p50": 111.559173309411,
   "p95": 116.97021842062843,
   "s3sigma": 122.93219682279478,
   "mean": 111.69750088613887,
   "max": 130.63658800551985
  },
  "apoapsis": {
   "p50": 1.3555615920552384,
   "p95": 37.56201738395358,
   "mean": 2.0463082239915553
  },
  "periapsis": {
   "p50": 25.63997667787131,
   "p95": 32.64153206816567,
   "mean": 25.257293521697754
  },
  "inclination": {
   "p50": -0.015757389417036194,
   "p95": 0.03966267991662739,
   "mean": -0.014876715123090172
  },
  "dv1": {
   "min": 103.2351696820374,
   "p50": 106.54437937540115,
   "p95": 108.75523579204348,
   "s3sigma": 110.38170679098695,
   "mean": 106.63689539285522,
   "max": 110.66582643311722
  },
  "dv2": {
   "min": 0.004615556807948451,
   "p50": 2.8308309671722327,
   "p95": 8.722183444566962,
   "s3sigma": 14.965264647170942,
   "mean": 3.4469506507316017,
   "max": 17.632175819190707
  },
  "dv3": {
   "min": 0.0006594111387984979,
   "p50": 1.3601305239989152,
   "p95": 3.9174628258379958,
   "s3sigma": 6.197786379299454,
   "mean": 1.613654842552032,
   "max": 6.569524037974751
  }
 },
 "constraints": {
  "heat_flux": {
   "p50": 169.21429398299466,
   "p95": 175.1989376626185,
   "s3sigma": 182.60588247149857,
   "max": 183.13849328694965,
   "limit": 200.0,
   "viol_pct": 0.0
  },
  "g_load": {
   "p50": 2.378193630349294,
   "p95": 2.504601716120229,
   "s3sigma": 2.673348664299199,
   "max": 2.7170571506652768,
   "limit": 4.0,
   "viol_pct": 0.0
  },
  "heat_load": {
   "p50": 22153.10232080191,
   "p95": 23129.309253595962,
   "s3sigma": 23803.52173423291,
   "max": 24074.886350120338,
   "limit": 25000.0,
   "viol_pct": 0.0
  }
 },
 "dv_p99": 119.79702200196213,
 "dv_cvar95": 118.97606713851417,
 "title": "NN -- GRU (1014 params)"
}