{
  "nav.density_filter_gain": 0.43367308331983423,
  "nav.density_gain_max_delta": 0.12951438326860926,
  "shaping.max_bank_acceleration": 14.447543582356223
}