{
  "nav.density_filter_gain": 0.8776326600707192,
  "nav.density_gain_max_delta": 0.16251297758541072,
  "shaping.max_bank_acceleration": 5.239194278503982
}