{
  "nav.density_filter_gain": 0.8097145126677054,
  "nav.density_gain_max_delta": 0.09843140549508354,
  "shaping.max_bank_acceleration": 4.766942804340461
}