{
  "nav.density_filter_gain": 0.8018002853914028,
  "nav.density_gain_max_delta": 0.08806177083609078,
  "shaping.max_bank_acceleration": 4.895157222578858
}