{
  "nav.density_filter_gain": 0.724083908247616,
  "nav.density_gain_max_delta": 0.09595551359565213,
  "shaping.max_bank_acceleration": 5.207060222279521
}