{
  "capture_damping": 1.268589914154979,
  "capture_frequency": 0.19163393506373824,
  "altitude_damping": 0.7872219534051863,
  "altitude_frequency": 0.18106778985498398,
  "capture_pdyn_margin": 2.8601679053366773,
  "pressure_coeff_base": -395.78165411940523,
  "pressure_coeff_scale_height": 6.710645811044913,
  "gain_fade_start_km": 88.68331312244113,
  "gain_fade_end_km": 113.59883943623444,
  "nav.density_filter_gain": 0.45444443677086144,
  "nav.density_gain_max_delta": 0.015408516674566976,
  "lateral.tau": 9.790184735818551,
  "lateral.threshold": 0.04493532686990553,
  "lateral.min_reversal_interval": 6.313896635185749,
  "lateral.lateral_activation": -0.6151333230618743,
  "lateral.lateral_inhibition": -7.872636225739,
  "lateral.max_reversals": 9.76912374136554,
  "exit.exit_velocity_threshold": 4060.2735690271684,
  "exit.exit_pdyn_margin": 2.2080069953488817,
  "exit.exit_radial_vel_gain": 1.00004176994613,
  "exit.exit_altitude_threshold": 56.682201748396565,
  "thermal.heat_flux_activation": 0.799188016396609,
  "thermal.heat_load_activation": 0.600012129789764,
  "thermal.heat_flux_ramp_exponent": 2.023703195955903,
  "thermal.heat_load_ramp_exponent": 0.5025100927966487,
  "shaping.max_bank_acceleration": 7.221798038215949
}