{
  "capture_damping": 1.231061633521318,
  "capture_frequency": 0.19884575238944024,
  "altitude_damping": 1.4639733664941195,
  "altitude_frequency": 0.09702060075703445,
  "capture_pdyn_margin": 1.5718281041359914,
  "pressure_coeff_base": -247.16626067680906,
  "pressure_coeff_scale_height": 7.180288499093248,
  "gain_fade_start_km": 66.23817103372889,
  "gain_fade_end_km": 118.28249774532387,
  "nav.density_filter_gain": 0.3000737740635724,
  "nav.density_gain_max_delta": 0.10654684263026677,
  "lateral.tau": 4.425001310649216,
  "lateral.threshold": 0.027154178130559682,
  "lateral.min_reversal_interval": 7.416294177197421,
  "lateral.lateral_activation": -0.7800062046369609,
  "lateral.lateral_inhibition": -9.228256270591201,
  "lateral.max_reversals": 9.949756505595577,
  "exit.exit_velocity_threshold": 4063.604927383708,
  "exit.exit_pdyn_margin": 2.917535275342902,
  "exit.exit_radial_vel_gain": 1.001404532658575,
  "exit.exit_altitude_threshold": 58.265983166948175,
  "thermal.heat_flux_activation": 0.9833532620491958,
  "thermal.heat_load_activation": 0.6000316078253849,
  "thermal.heat_flux_ramp_exponent": 1.8402499726260615,
  "thermal.heat_load_ramp_exponent": 0.5020797701033041,
  "shaping.max_bank_acceleration": 9.429123750775343
}