{
  "nav.density_filter_gain": 0.8271902187158289,
  "nav.density_gain_max_delta": 0.11958622068119663,
  "shaping.max_bank_acceleration": 4.298694476954092
}