{
  "energy_tol": 99724.50472256582,
  "prediction_dt": 3.7641455983574925,
  "bank_min_deg": 22.53681902682582,
  "bank_max_high_deg": 107.17562800581818,
  "bank_max_low_deg": 112.4450175262054,
  "nav.density_filter_gain": 0.3260604311493785,
  "nav.density_gain_max_delta": 0.4691636571081636,
  "lateral.tau": 3.9787617162060576,
  "lateral.threshold": 0.01073418671464543,
  "lateral.min_reversal_interval": 11.059574940122488,
  "lateral.lateral_activation": -0.5002715252520469,
  "lateral.lateral_inhibition": -9.800243319302105,
  "lateral.max_reversals": 8.951773036307264,
  "exit.exit_velocity_threshold": 3243.5732082577074,
  "exit.exit_pdyn_margin": 1.2675128534098117,
  "exit.exit_radial_vel_gain": 12.81877128522568,
  "exit.exit_altitude_threshold": 41.72854652951429,
  "thermal.heat_flux_activation": 0.7709743219670224,
  "thermal.heat_load_activation": 0.9379343837372001,
  "thermal.heat_flux_ramp_exponent": 0.5023045019764116,
  "thermal.heat_load_ramp_exponent": 2.671795502876134,
  "shaping.max_bank_acceleration": 14.993324321887311
}