{
 "n_sims": 1000,
 "n_captured": 1000,
 "capture_rate": 1.0,
 "cost": {
  "min": 1091334.1025893393,
  "p50": 1257128.400106591,
  "p95": 1481275.24044485,
  "s3sigma": 1734071.9102796654,
  "rms": 1282748.7674139128,
  "max": 1740531.5243924765
 },
 "captured": {
  "dv": {
   "min": 102.919186870489,
   "p50": 107.91170872329278,
   "p95": 113.97835314732731,
   "s3sigma": 120.12325646186837,
   "mean": 108.41879731183703,
   "max": 120.27426577089993
  },
  "apoapsis": {
   "p50": -1.2076073159980467,
   "p95": 33.75547316520674,
   "mean": -1.3589935257939
  },
  "periapsis": {
   "p50": 38.34465646860167,
   "p95": 43.165142160151554,
   "mean": 38.213643694418295
  },
  "inclination": {
   "p50": 0.0010428173774386096,
   "p95": 0.05083467130687146,
   "mean": 0.00044302032262601897
  },
  "dv1": {
   "min": 100.99444844180289,
   "p50": 103.42945609133722,
   "p95": 104.86371853274349,
   "s3sigma": 105.76420800739734,
   "mean": 103.44630897654424,
   "max": 105.90820860370332
  },
  "dv2": {
   "min": 0.00039127879063016735,
   "p50": 3.0436690648957665,
   "p95": 8.953666148102252,
   "s3sigma": 13.682158165294728,
   "mean": 3.593700076320712,
   "max": 13.844407943781334
  },
  "dv3": {
   "min": 0.0015977614411465696,
   "p50": 1.1319666041904322,
   "p95": 3.3456279779337015,
   "s3sigma": 5.543623007666311,
   "mean": 1.3787882589720757,
   "max": 5.980868459535833
  }
 },
 "constraints": {
  "heat_flux": {
   "p50": 168.62930291006228,
   "p95": 176.25719393793617,
   "s3sigma": 181.5577158757444,
   "max": 181.90744140062037,
   "limit": 200.0,
   "viol_pct": 0.0
  },
  "g_load": {
   "p50": 2.270580936549867,
   "p95": 2.4702411931493575,
   "s3sigma": 2.662108929625615,
   "max": 2.688433881393361,
   "limit": 4.0,
   "viol_pct": 0.0
  },
  "heat_load": {
   "p50": 24199.38363742162,
   "p95": 25428.60679905084,
   "s3sigma": 26257.269757832928,
   "max": 26657.892318179598,
   "limit": 25000.0,
   "viol_pct": 15.6
  }
 },
 "dv_p99": 117.2202930770869,
 "dv_cvar95": 115.95138286378167,
 "title": "NN -- LSTM (1082 params)"
}