{
  "nav.density_filter_gain": 0.90068388837662,
  "nav.density_gain_max_delta": 0.2952188090637683,
  "shaping.max_bank_acceleration": 14.516610267402825
}