{
  "nav.density_filter_gain": 0.41925181267275446,
  "nav.density_gain_max_delta": 0.20200185037813537,
  "shaping.max_bank_acceleration": 11.841509581088394
}