{
  "w4a8": {
    "median_ns": 1747.1541603009186,
    "ci95": [
      1743.7584369449378,
      1754.4458259325045
    ]
  },
  "f64_handrolled": {
    "median_ns": 1669.7345364666137,
    "ci95": [
      1667.4428592053591,
      1671.826479496738
    ]
  },
  "w8a8": {
    "median_ns": 1735.425951780751,
    "ci95": [
      1730.944817548705,
      1740.251020455027
    ]
  },
  "f32_handrolled": {
    "median_ns": 1290.412534272872,
    "ci95": [
      1288.7726518051372,
      1293.676841709622
    ]
  },
  "f64_model": {
    "median_ns": 1888.284491785329,
    "ci95": [
      1886.0323179866175,
      1891.3662239089183
    ]
  }
}