{
  "nav.density_filter_gain": 0.7761772326087755,
  "nav.density_gain_max_delta": 0.10521539792421347,
  "shaping.max_bank_acceleration": 4.970659164985195
}