{
  "nav.density_filter_gain": 0.9675678423745231,
  "nav.density_gain_max_delta": 0.10842625683378841,
  "shaping.max_bank_acceleration": 14.881756646832779
}