{
  "nav.density_filter_gain": 0.49348285809459536,
  "nav.density_gain_max_delta": 0.04849647720872739,
  "shaping.max_bank_acceleration": 6.549433068218936
}