{
  "nav.density_filter_gain": 0.7627011743809726,
  "nav.density_gain_max_delta": 0.07455902453156145,
  "shaping.max_bank_acceleration": 9.000125500852874
}