{
  "nav.density_filter_gain": 0.5234657237807867,
  "nav.density_gain_max_delta": 0.02283509235485983,
  "shaping.max_bank_acceleration": 13.109091945782836
}