{
  "nav.density_filter_gain": 0.9628877990284945,
  "nav.density_gain_max_delta": 0.16729479211263798,
  "shaping.max_bank_acceleration": 13.835594094724984
}