{
  "nav.density_filter_gain": 0.5629595428793286,
  "nav.density_gain_max_delta": 0.0536437916391883,
  "shaping.max_bank_acceleration": 4.908842997175814
}