{
  "nav.density_filter_gain": 0.6223429367047894,
  "nav.density_gain_max_delta": 0.23253341485283874,
  "shaping.max_bank_acceleration": 11.915438201299116
}