{
  "nav.density_filter_gain": 0.5362068735417382,
  "nav.density_gain_max_delta": 0.015947965414655336,
  "shaping.max_bank_acceleration": 13.127781795465955
}